[
	{
		"Name": "filemanager",
		"Description": "File manager for Micro",
		"Tags": ["filetree", "filemanager", "file", "manager"],
        "Website": "",
		"Versions": [
			{
				"Version": "2.1.1",
				"Url": "https://github.com/NicolaiSoeborg/filemanager-plugin/archive/v2.1.1.zip",
				"Require": {
					"micro": ">=1.3.2"
				}
			},
			{
				"Version": "3.1.0",
				"Url": "https://github.com/NicolaiSoeborg/filemanager-plugin/archive/v3.1.0.zip",
				"Require": {
					"micro": ">=1.3.5"
				}
			},
			{
				"Version": "3.4.0",
				"Url": "https://github.com/NicolaiSoeborg/filemanager-plugin/archive/v3.4.0.zip",
				"Require": {
					"micro": ">=1.4.1"
				}
			},
			{
					"Version": "3.5.0",
					"Url": "https://github.com/micro-editor/updated-plugins/releases/download/v1.0.0/filemanager-3.5.0.zip",
					"Require": {
							"micro": ">=2.0.0-1"
					}
			},
			{
					"Version": "3.5.1",
					"Url": "https://github.com/micro-editor/updated-plugins/releases/download/v1.0.0/filemanager-3.5.1.zip",
					"Require": {
							"micro": ">=2.0.0-1"
					}
			}
		]
	}
]
